geohashSize,set,series,bin,val
4,2010,predicted,-100,889.0
4,2010,predicted,-95,438.0
4,2010,predicted,-90,597.0
4,2010,predicted,-85,887.0
4,2010,predicted,-80,1281.0
4,2010,predicted,-75,1763.0
4,2010,predicted,-70,2499.0
4,2010,predicted,-65,3456.0
4,2010,predicted,-60,4649.0
4,2010,predicted,-55,6170.0
4,2010,predicted,-50,8215.0
4,2010,predicted,-45,10905.0
4,2010,predicted,-40,14461.0
4,2010,predicted,-35,18882.0
4,2010,predicted,-30,24801.0
4,2010,predicted,-25,32399.0
4,2010,predicted,-20,42440.0
4,2010,predicted,-15,53684.0
4,2010,predicted,-10,66377.0
4,2010,predicted,-5,76167.0
4,2010,predicted,0,80947.0
4,2010,predicted,5,79464.0
4,2010,predicted,10,71081.0
4,2010,predicted,15,58690.0
4,2010,predicted,20,46291.0
4,2010,predicted,25,35889.0
4,2010,predicted,30,26404.0
4,2010,predicted,35,19722.0
4,2010,predicted,40,14587.0
4,2010,predicted,45,10536.0
4,2010,predicted,50,7589.0
4,2010,predicted,55,5320.0
4,2010,predicted,60,3777.0
4,2010,predicted,65,2523.0
4,2010,predicted,70,1832.0
4,2010,predicted,75,1279.0
4,2010,predicted,80,869.0
4,2010,predicted,85,544.0
4,2010,predicted,90,410.0
4,2010,predicted,95,292.0
4,2010,predicted,100,586.0
4,2010,predicted,claimsMpci,714145.0029928398
4,2010,predicted,mean,5.482012941754802e-05
4,2010,predicted,cnt,5418559.439243974
4,2030,predicted,-100,7023.0
4,2030,predicted,-95,2587.0
4,2030,predicted,-90,3123.0
4,2030,predicted,-85,4032.0
4,2030,predicted,-80,4924.0
4,2030,predicted,-75,5876.0
4,2030,predicted,-70,7022.0
4,2030,predicted,-65,8276.0
4,2030,predicted,-60,9992.0
4,2030,predicted,-55,12262.0
4,2030,predicted,-50,15301.0
4,2030,predicted,-45,18239.0
4,2030,predicted,-40,21646.0
4,2030,predicted,-35,25441.0
4,2030,predicted,-30,29562.0
4,2030,predicted,-25,34796.0
4,2030,predicted,-20,40106.0
4,2030,predicted,-15,46697.0
4,2030,predicted,-10,54464.0
4,2030,predicted,-5,60598.0
4,2030,predicted,0,64758.0
4,2030,predicted,5,65019.0
4,2030,predicted,10,60744.0
4,2030,predicted,15,53460.0
4,2030,predicted,20,44766.0
4,2030,predicted,25,35467.0
4,2030,predicted,30,27403.0
4,2030,predicted,35,21091.0
4,2030,predicted,40,16098.0
4,2030,predicted,45,12080.0
4,2030,predicted,50,8861.0
4,2030,predicted,55,6728.0
4,2030,predicted,60,4816.0
4,2030,predicted,65,3554.0
4,2030,predicted,70,2569.0
4,2030,predicted,75,1782.0
4,2030,predicted,80,1220.0
4,2030,predicted,85,925.0
4,2030,predicted,90,618.0
4,2030,predicted,95,431.0
4,2030,predicted,100,955.0
4,2030,predicted,claimsMpci,1209530.5768255636
4,2030,predicted,mean,-0.045230098051539165
4,2030,predicted,cnt,5418559.439243919
4,2030,counterfactual,-100,789.0
4,2030,counterfactual,-95,382.0
4,2030,counterfactual,-90,651.0
4,2030,counterfactual,-85,847.0
4,2030,counterfactual,-80,1246.0
4,2030,counterfactual,-75,1834.0
4,2030,counterfactual,-70,2422.0
4,2030,counterfactual,-65,3381.0
4,2030,counterfactual,-60,4709.0
4,2030,counterfactual,-55,6247.0
4,2030,counterfactual,-50,8297.0
4,2030,counterfactual,-45,10866.0
4,2030,counterfactual,-40,14277.0
4,2030,counterfactual,-35,19099.0
4,2030,counterfactual,-30,24979.0
4,2030,counterfactual,-25,33074.0
4,2030,counterfactual,-20,42250.0
4,2030,counterfactual,-15,53819.0
4,2030,counterfactual,-10,65870.0
4,2030,counterfactual,-5,76818.0
4,2030,counterfactual,0,81233.0
4,2030,counterfactual,5,79422.0
4,2030,counterfactual,10,71093.0
4,2030,counterfactual,15,58814.0
4,2030,counterfactual,20,47123.0
4,2030,counterfactual,25,35692.0
4,2030,counterfactual,30,26743.0
4,2030,counterfactual,35,19626.0
4,2030,counterfactual,40,14399.0
4,2030,counterfactual,45,10641.0
4,2030,counterfactual,50,7455.0
4,2030,counterfactual,55,5217.0
4,2030,counterfactual,60,3792.0
4,2030,counterfactual,65,2769.0
4,2030,counterfactual,70,1876.0
4,2030,counterfactual,75,1276.0
4,2030,counterfactual,80,838.0
4,2030,counterfactual,85,585.0
4,2030,counterfactual,90,410.0
4,2030,counterfactual,95,287.0
4,2030,counterfactual,100,614.0
4,2030,counterfactual,claimsMpci,718566.5446498231
4,2030,counterfactual,mean,0.00024962410763894576
4,2030,counterfactual,cnt,5418559.439243952
4,2050,predicted,-100,10086.0
4,2050,predicted,-95,3508.0
4,2050,predicted,-90,4232.0
4,2050,predicted,-85,5200.0
4,2050,predicted,-80,6419.0
4,2050,predicted,-75,7764.0
4,2050,predicted,-70,9223.0
4,2050,predicted,-65,11300.0
4,2050,predicted,-60,13711.0
4,2050,predicted,-55,16610.0
4,2050,predicted,-50,20085.0
4,2050,predicted,-45,23744.0
4,2050,predicted,-40,27104.0
4,2050,predicted,-35,30917.0
4,2050,predicted,-30,33751.0
4,2050,predicted,-25,37136.0
4,2050,predicted,-20,40663.0
4,2050,predicted,-15,44154.0
4,2050,predicted,-10,46817.0
4,2050,predicted,-5,50532.0
4,2050,predicted,0,52721.0
4,2050,predicted,5,53436.0
4,2050,predicted,10,50813.0
4,2050,predicted,15,46932.0
4,2050,predicted,20,41458.0
4,2050,predicted,25,34698.0
4,2050,predicted,30,28065.0
4,2050,predicted,35,22168.0
4,2050,predicted,40,17032.0
4,2050,predicted,45,13058.0
4,2050,predicted,50,10270.0
4,2050,predicted,55,7300.0
4,2050,predicted,60,5657.0
4,2050,predicted,65,4248.0
4,2050,predicted,70,3153.0
4,2050,predicted,75,2279.0
4,2050,predicted,80,1696.0
4,2050,predicted,85,1199.0
4,2050,predicted,90,853.0
4,2050,predicted,95,620.0
4,2050,predicted,100,1385.0
4,2050,predicted,claimsMpci,1546091.9189098047
4,2050,predicted,mean,-0.07442977001770401
4,2050,predicted,cnt,5418559.439243928
4,2050,counterfactual,-100,803.0
4,2050,counterfactual,-95,403.0
4,2050,counterfactual,-90,573.0
4,2050,counterfactual,-85,853.0
4,2050,counterfactual,-80,1202.0
4,2050,counterfactual,-75,1746.0
4,2050,counterfactual,-70,2488.0
4,2050,counterfactual,-65,3344.0
4,2050,counterfactual,-60,4610.0
4,2050,counterfactual,-55,6215.0
4,2050,counterfactual,-50,8242.0
4,2050,counterfactual,-45,10706.0
4,2050,counterfactual,-40,14478.0
4,2050,counterfactual,-35,19247.0
4,2050,counterfactual,-30,25159.0
4,2050,counterfactual,-25,32940.0
4,2050,counterfactual,-20,42564.0
4,2050,counterfactual,-15,53845.0
4,2050,counterfactual,-10,66841.0
4,2050,counterfactual,-5,76788.0
4,2050,counterfactual,0,81881.0
4,2050,counterfactual,5,79674.0
4,2050,counterfactual,10,70766.0
4,2050,counterfactual,15,59152.0
4,2050,counterfactual,20,46628.0
4,2050,counterfactual,25,35528.0
4,2050,counterfactual,30,26592.0
4,2050,counterfactual,35,19817.0
4,2050,counterfactual,40,14436.0
4,2050,counterfactual,45,10255.0
4,2050,counterfactual,50,7476.0
4,2050,counterfactual,55,5448.0
4,2050,counterfactual,60,3908.0
4,2050,counterfactual,65,2645.0
4,2050,counterfactual,70,1900.0
4,2050,counterfactual,75,1215.0
4,2050,counterfactual,80,831.0
4,2050,counterfactual,85,605.0
4,2050,counterfactual,90,407.0
4,2050,counterfactual,95,284.0
4,2050,counterfactual,100,630.0
4,2050,counterfactual,claimsMpci,717635.6599682433
4,2050,counterfactual,mean,-0.0003956637310460551
4,2050,counterfactual,cnt,5418559.439243944
4,2010,predicted,claimsSco,1251733.7856395333
4,2030,predicted,claimsSco,1724931.2311380268
4,2030,counterfactual,claimsSco,1250528.2361482752
4,2050,predicted,claimsSco,2068152.8840321903
4,2050,counterfactual,claimsSco,1252027.003926088
4,2010,predicted,-100,205.0
4,2010,predicted,-95,105.0
4,2010,predicted,-90,123.0
4,2010,predicted,-85,215.0
4,2010,predicted,-80,343.0
4,2010,predicted,-75,496.0
4,2010,predicted,-70,683.0
4,2010,predicted,-65,1028.0
4,2010,predicted,-60,1478.0
4,2010,predicted,-55,1717.0
4,2010,predicted,-50,2240.0
4,2010,predicted,-45,2867.0
4,2010,predicted,-40,3604.0
4,2010,predicted,-35,4382.0
4,2010,predicted,-30,5232.0
4,2010,predicted,-25,6328.0
4,2010,predicted,-20,7737.0
4,2010,predicted,-15,9223.0
4,2010,predicted,-10,11040.0
4,2010,predicted,-5,14055.0
4,2010,predicted,0,17201.0
4,2010,predicted,5,21123.0
4,2010,predicted,10,25355.0
4,2010,predicted,15,28699.0
4,2010,predicted,20,30368.0
4,2010,predicted,25,30183.0
4,2010,predicted,30,29312.0
4,2010,predicted,35,26549.0
4,2010,predicted,40,22307.0
4,2010,predicted,45,18007.0
4,2010,predicted,50,13391.0
4,2010,predicted,55,9848.0
4,2010,predicted,60,7133.0
4,2010,predicted,65,5089.0
4,2010,predicted,70,3487.0
4,2010,predicted,75,2486.0
4,2010,predicted,80,1811.0
4,2010,predicted,85,1205.0
4,2010,predicted,90,811.0
4,2010,predicted,95,577.0
4,2010,predicted,100,1274.0
4,2010,predicted,claimsMpci,172549.96969251652
4,2010,predicted,mean,0.18636733508429135
4,2010,predicted,cnt,2376816.7605760475
4,2010,predicted,claimsSco,268842.4880804545
5,2010,predicted,-100,308.0
5,2010,predicted,-95,136.0
5,2010,predicted,-90,186.0
5,2010,predicted,-85,263.0
5,2010,predicted,-80,365.0
5,2010,predicted,-75,534.0
5,2010,predicted,-70,744.0
5,2010,predicted,-65,987.0
5,2010,predicted,-60,1256.0
5,2010,predicted,-55,1709.0
5,2010,predicted,-50,2181.0
5,2010,predicted,-45,3066.0
5,2010,predicted,-40,3698.0
5,2010,predicted,-35,4682.0
5,2010,predicted,-30,5775.0
5,2010,predicted,-25,6975.0
5,2010,predicted,-20,8153.0
5,2010,predicted,-15,9158.0
5,2010,predicted,-10,10097.0
5,2010,predicted,-5,10903.0
5,2010,predicted,0,11161.0
5,2010,predicted,5,10830.0
5,2010,predicted,10,10220.0
5,2010,predicted,15,9698.0
5,2010,predicted,20,8433.0
5,2010,predicted,25,7348.0
5,2010,predicted,30,6156.0
5,2010,predicted,35,4862.0
5,2010,predicted,40,3874.0
5,2010,predicted,45,3042.0
5,2010,predicted,50,2237.0
5,2010,predicted,55,1656.0
5,2010,predicted,60,1217.0
5,2010,predicted,65,914.0
5,2010,predicted,70,615.0
5,2010,predicted,75,441.0
5,2010,predicted,80,313.0
5,2010,predicted,85,210.0
5,2010,predicted,90,148.0
5,2010,predicted,95,119.0
5,2010,predicted,100,232.0
5,2010,predicted,claimsMpci,31162.362498449445
5,2010,predicted,mean,0.0005715873024742624
5,2010,predicted,cnt,166674.0
5,2030,predicted,-100,1705.0
5,2030,predicted,-95,573.0
5,2030,predicted,-90,587.0
5,2030,predicted,-85,864.0
5,2030,predicted,-80,1011.0
5,2030,predicted,-75,1308.0
5,2030,predicted,-70,1588.0
5,2030,predicted,-65,1899.0
5,2030,predicted,-60,2456.0
5,2030,predicted,-55,2829.0
5,2030,predicted,-50,3434.0
5,2030,predicted,-45,3950.0
5,2030,predicted,-40,4602.0
5,2030,predicted,-35,5287.0
5,2030,predicted,-30,6004.0
5,2030,predicted,-25,6909.0
5,2030,predicted,-20,7560.0
5,2030,predicted,-15,8073.0
5,2030,predicted,-10,8528.0
5,2030,predicted,-5,8956.0
5,2030,predicted,0,9206.0
5,2030,predicted,5,8904.0
5,2030,predicted,10,8716.0
5,2030,predicted,15,8224.0
5,2030,predicted,20,7373.0
5,2030,predicted,25,6630.0
5,2030,predicted,30,5687.0
5,2030,predicted,35,4884.0
5,2030,predicted,40,4005.0
5,2030,predicted,45,3177.0
5,2030,predicted,50,2515.0
5,2030,predicted,55,1951.0
5,2030,predicted,60,1505.0
5,2030,predicted,65,1146.0
5,2030,predicted,70,850.0
5,2030,predicted,75,582.0
5,2030,predicted,80,441.0
5,2030,predicted,85,308.0
5,2030,predicted,90,201.0
5,2030,predicted,95,165.0
5,2030,predicted,100,357.0
5,2030,predicted,claimsMpci,44392.39222860466
5,2030,predicted,mean,-0.04488122262005146
5,2030,predicted,cnt,166627.0
5,2030,counterfactual,-100,285.0
5,2030,counterfactual,-95,136.0
5,2030,counterfactual,-90,186.0
5,2030,counterfactual,-85,255.0
5,2030,counterfactual,-80,355.0
5,2030,counterfactual,-75,520.0
5,2030,counterfactual,-70,731.0
5,2030,counterfactual,-65,987.0
5,2030,counterfactual,-60,1365.0
5,2030,counterfactual,-55,1660.0
5,2030,counterfactual,-50,2271.0
5,2030,counterfactual,-45,2899.0
5,2030,counterfactual,-40,3734.0
5,2030,counterfactual,-35,4797.0
5,2030,counterfactual,-30,5681.0
5,2030,counterfactual,-25,6792.0
5,2030,counterfactual,-20,7931.0
5,2030,counterfactual,-15,9161.0
5,2030,counterfactual,-10,10078.0
5,2030,counterfactual,-5,11043.0
5,2030,counterfactual,0,11020.0
5,2030,counterfactual,5,10881.0
5,2030,counterfactual,10,10654.0
5,2030,counterfactual,15,9401.0
5,2030,counterfactual,20,8508.0
5,2030,counterfactual,25,7261.0
5,2030,counterfactual,30,6080.0
5,2030,counterfactual,35,4977.0
5,2030,counterfactual,40,4070.0
5,2030,counterfactual,45,2961.0
5,2030,counterfactual,50,2235.0
5,2030,counterfactual,55,1638.0
5,2030,counterfactual,60,1291.0
5,2030,counterfactual,65,879.0
5,2030,counterfactual,70,606.0
5,2030,counterfactual,75,414.0
5,2030,counterfactual,80,291.0
5,2030,counterfactual,85,211.0
5,2030,counterfactual,90,154.0
5,2030,counterfactual,95,93.0
5,2030,counterfactual,100,210.0
5,2030,counterfactual,claimsMpci,31126.391206016346
5,2030,counterfactual,mean,0.0007294216468592226
5,2030,counterfactual,cnt,166678.0
5,2050,predicted,-100,2514.0
5,2050,predicted,-95,746.0
5,2050,predicted,-90,947.0
5,2050,predicted,-85,1096.0
5,2050,predicted,-80,1396.0
5,2050,predicted,-75,1662.0
5,2050,predicted,-70,2030.0
5,2050,predicted,-65,2423.0
5,2050,predicted,-60,2960.0
5,2050,predicted,-55,3463.0
5,2050,predicted,-50,4064.0
5,2050,predicted,-45,4618.0
5,2050,predicted,-40,5250.0
5,2050,predicted,-35,5884.0
5,2050,predicted,-30,6321.0
5,2050,predicted,-25,6906.0
5,2050,predicted,-20,7267.0
5,2050,predicted,-15,7742.0
5,2050,predicted,-10,8073.0
5,2050,predicted,-5,7996.0
5,2050,predicted,0,8132.0
5,2050,predicted,5,7629.0
5,2050,predicted,10,7705.0
5,2050,predicted,15,7351.0
5,2050,predicted,20,6549.0
5,2050,predicted,25,5906.0
5,2050,predicted,30,5356.0
5,2050,predicted,35,4556.0
5,2050,predicted,40,3822.0
5,2050,predicted,45,3163.0
5,2050,predicted,50,2600.0
5,2050,predicted,55,2009.0
5,2050,predicted,60,1646.0
5,2050,predicted,65,1228.0
5,2050,predicted,70,977.0
5,2050,predicted,75,711.0
5,2050,predicted,80,562.0
5,2050,predicted,85,401.0
5,2050,predicted,90,299.0
5,2050,predicted,95,204.0
5,2050,predicted,100,479.0
5,2050,predicted,claimsMpci,52548.08726828716
5,2050,predicted,mean,-0.07406622736340106
5,2050,predicted,cnt,166572.0
5,2050,counterfactual,-100,281.0
5,2050,counterfactual,-95,140.0
5,2050,counterfactual,-90,196.0
5,2050,counterfactual,-85,259.0
5,2050,counterfactual,-80,362.0
5,2050,counterfactual,-75,516.0
5,2050,counterfactual,-70,694.0
5,2050,counterfactual,-65,931.0
5,2050,counterfactual,-60,1323.0
5,2050,counterfactual,-55,1755.0
5,2050,counterfactual,-50,2309.0
5,2050,counterfactual,-45,3026.0
5,2050,counterfactual,-40,3755.0
5,2050,counterfactual,-35,4777.0
5,2050,counterfactual,-30,5720.0
5,2050,counterfactual,-25,6901.0
5,2050,counterfactual,-20,8031.0
5,2050,counterfactual,-15,9011.0
5,2050,counterfactual,-10,10161.0
5,2050,counterfactual,-5,10850.0
5,2050,counterfactual,0,10777.0
5,2050,counterfactual,5,10906.0
5,2050,counterfactual,10,10555.0
5,2050,counterfactual,15,9719.0
5,2050,counterfactual,20,8398.0
5,2050,counterfactual,25,7402.0
5,2050,counterfactual,30,6189.0
5,2050,counterfactual,35,4928.0
5,2050,counterfactual,40,3915.0
5,2050,counterfactual,45,2926.0
5,2050,counterfactual,50,2279.0
5,2050,counterfactual,55,1764.0
5,2050,counterfactual,60,1230.0
5,2050,counterfactual,65,890.0
5,2050,counterfactual,70,645.0
5,2050,counterfactual,75,469.0
5,2050,counterfactual,80,297.0
5,2050,counterfactual,85,201.0
5,2050,counterfactual,90,121.0
5,2050,counterfactual,95,93.0
5,2050,counterfactual,100,215.0
5,2050,counterfactual,claimsMpci,31289.663568049746
5,2050,counterfactual,mean,0.0010176196417439503
5,2050,counterfactual,cnt,166673.0
5,2010,predicted,claimsSco,48030.11240009996
5,2030,predicted,claimsSco,60105.003701853646
5,2030,counterfactual,claimsSco,48631.32341269859
5,2050,predicted,claimsSco,68471.81604743288
5,2050,counterfactual,claimsSco,48595.131746031766
5,2010,predicted,-100,56.0
5,2010,predicted,-95,27.0
5,2010,predicted,-90,62.0
5,2010,predicted,-85,67.0
5,2010,predicted,-80,93.0
5,2010,predicted,-75,119.0
5,2010,predicted,-70,162.0
5,2010,predicted,-65,229.0
5,2010,predicted,-60,297.0
5,2010,predicted,-55,397.0
5,2010,predicted,-50,507.0
5,2010,predicted,-45,585.0
5,2010,predicted,-40,720.0
5,2010,predicted,-35,955.0
5,2010,predicted,-30,1165.0
5,2010,predicted,-25,1351.0
5,2010,predicted,-20,1642.0
5,2010,predicted,-15,2006.0
5,2010,predicted,-10,2366.0
5,2010,predicted,-5,2775.0
5,2010,predicted,0,3210.0
5,2010,predicted,5,3618.0
5,2010,predicted,10,4099.0
5,2010,predicted,15,4535.0
5,2010,predicted,20,4722.0
5,2010,predicted,25,4598.0
5,2010,predicted,30,4549.0
5,2010,predicted,35,4112.0
5,2010,predicted,40,3749.0
5,2010,predicted,45,3290.0
5,2010,predicted,50,2763.0
5,2010,predicted,55,2196.0
5,2010,predicted,60,1721.0
5,2010,predicted,65,1327.0
5,2010,predicted,70,981.0
5,2010,predicted,75,725.0
5,2010,predicted,80,560.0
5,2010,predicted,85,392.0
5,2010,predicted,90,250.0
5,2010,predicted,95,203.0
5,2010,predicted,100,436.0
5,2010,predicted,claimsMpci,6512.734099234098
5,2010,predicted,mean,0.187801566908656
5,2010,predicted,cnt,72917.0
5,2010,predicted,claimsSco,10032.307988253619
