{
  "climateCount": 279748,
  "climateMeanMae": "5.2\\%",
  "climateMeanMdae": "5.2\\%",
  "climatePercent": "5.2\\%",
  "climateStdMae": "1.9\\%",
  "climateStdMdae": "1.8\\%",
  "countInfoStr": "included",
  "counterfactualMean2030": "0.0\\%",
  "counterfactualMean2030HoldYr": "0.0\\%",
  "counterfactualMean2050": "-0.0\\%",
  "counterfactualMean2050HoldYr": "-0.0\\%",
  "counterfactualProbability2030": "13.3\\%",
  "counterfactualProbability2030HoldYr": "13.3\\%",
  "counterfactualProbability2050": "13.2\\%",
  "counterfactualProbability2050HoldYr": "13.2\\%",
  "counterfactualSeverity2030": "14.7\\%",
  "counterfactualSeverity2030HoldYr": "14.7\\%",
  "counterfactualSeverity2050": "14.5\\%",
  "counterfactualSeverity2050HoldYr": "14.5\\%",
  "dropout": 0.05,
  "dualIncreasePercent2050": "12.3\\%",
  "equivalentStd": "1.42",
  "experimentalMean2030": "-4.5\\%",
  "experimentalMean2030HoldYr": "-4.6\\%",
  "experimentalMean2050": "-7.4\\%",
  "experimentalMean2050HoldYr": "-7.4\\%",
  "experimentalProbability2030": "22.3\\%",
  "experimentalProbability2030HoldYr": "22.4\\%",
  "experimentalProbability2050": "28.5\\%",
  "experimentalProbability2050HoldYr": "28.5\\%",
  "experimentalSeverity2030": "17.5\\%",
  "experimentalSeverity2030HoldYr": "17.5\\%",
  "experimentalSeverity2050": "18.9\\%",
  "experimentalSeverity2050HoldYr": "18.8\\%",
  "l2": 0.05,
  "layersDescription": "512 neurons, 256 neurons, 128 neurons, 64 neurons, 32 neurons, 8 neurons",
  "numLayers": "6",
  "percentSignificant": "95.3\\%",
  "randomCount": 833435,
  "randomMeanMae": "5.0\\%",
  "randomMeanMdae": "5.1\\%",
  "randomPercent": "15.4\\%",
  "randomStdMae": "1.6\\%",
  "randomStdMdae": "1.7\\%",
  "referenceMean2010": "18.6\\%",
  "referenceProbability2010": "7.3\\%",
  "referenceSeverity2010": "13.8\\%",
  "retrainCount": 619640,
  "retrainMeanMae": "6.2\\%",
  "retrainMeanMdae": "5.9\\%",
  "retrainPercent": "11.4\\%",
  "retrainStdMae": "2.0\\%",
  "retrainStdMdae": "1.9\\%",
  "spatialCount": 1341384,
  "spatialMeanMae": "4.7\\%",
  "spatialMeanMdae": "5.0\\%",
  "spatialPercent": "24.8\\%",
  "spatialStdMae": "1.7\\%",
  "spatialStdMdae": "1.7\\%",
  "temporalCount": 919333,
  "temporalMeanMae": "8.3\\%",
  "temporalMeanMdae": "7.2\\%",
  "temporalPercent": "17.0\\%",
  "temporalStdMae": "2.1\\%",
  "temporalStdMdae": "2.2\\%",
  "testMeanMae": "11.1\\%",
  "testStdMae": "2.4\\%",
  "trainMeanMae": "6.1\\%",
  "trainStdMae": "2.0\\%",
  "validationMeanMae": "9.4\\%",
  "validationStdMae": "3.2\\%"
}